,Account,FeeAmount
0,123456789,0.0005706570443678678
1,987654321,0.001931956557080065
