,Account,FeeAmount
0,123456789,0.0007996344333910244
1,987654321,0.001658052571063181
